Player Name,Format,Image,Year,Innings,Runs,Balls,Outs,Avg,SR,HS,50,100,4s,6s,Dot %
AB De Villiers,Test,https://i.pinimg.com/originals/98/21/63/982163ab1da1d67694fea4cd2a979d96.jpg,2004,4,108,184,3,36,58.7,52,1,0,17,0,76.1
AB De Villiers,Test,https://i.pinimg.com/originals/98/21/63/982163ab1da1d67694fea4cd2a979d96.jpg,2005,19,"1,008","1,884",19,53.1,53.5,178,5,3,134,4,75.5
AB De Villiers,Test,https://i.pinimg.com/originals/98/21/63/982163ab1da1d67694fea4cd2a979d96.jpg,2006,21,570,"1,105",21,27.1,51.6,97,4,0,80,0,74.3
AB De Villiers,Test,https://i.pinimg.com/originals/98/21/63/982163ab1da1d67694fea4cd2a979d96.jpg,2007,16,387,757,14,27.6,51.1,77,3,0,45,1,72.9
AB De Villiers,Test,https://i.pinimg.com/originals/98/21/63/982163ab1da1d67694fea4cd2a979d96.jpg,2008,22,"1,061","1,986",18,58.9,53.4,217,2,4,120,5,72
AB De Villiers,Test,https://i.pinimg.com/originals/98/21/63/982163ab1da1d67694fea4cd2a979d96.jpg,2009,11,572,"1,071",10,57.2,53.4,163,4,2,56,9,73.1
AB De Villiers,Test,https://i.pinimg.com/originals/98/21/63/982163ab1da1d67694fea4cd2a979d96.jpg,2010,18,996,"1,704",13,76.6,58.5,278,4,3,83,18,66.8
AB De Villiers,Test,https://i.pinimg.com/originals/98/21/63/982163ab1da1d67694fea4cd2a979d96.jpg,2011,8,377,727,8,47.1,51.9,99,4,0,48,2,72.6
AB De Villiers,Test,https://i.pinimg.com/originals/98/21/63/982163ab1da1d67694fea4cd2a979d96.jpg,2012,16,815,"1,440",14,58.2,56.6,169,2,2,98,6,72.8
AB De Villiers,Test,https://i.pinimg.com/originals/98/21/63/982163ab1da1d67694fea4cd2a979d96.jpg,2013,13,933,"1,597",12,77.8,58.4,164,5,4,102,2,67.7
AB De Villiers,Test,https://i.pinimg.com/originals/98/21/63/982163ab1da1d67694fea4cd2a979d96.jpg,2014,13,631,"1,340",13,48.5,47.1,152,2,2,76,5,75.9
AB De Villiers,Test,https://i.pinimg.com/originals/98/21/63/982163ab1da1d67694fea4cd2a979d96.jpg,2015,10,492,967,10,49.2,50.9,148,2,1,59,3,74.3
AB De Villiers,Test,https://i.pinimg.com/originals/98/21/63/982163ab1da1d67694fea4cd2a979d96.jpg,2016,5,124,260,5,24.8,47.7,88,1,0,16,2,78.1
AB De Villiers,Test,https://i.pinimg.com/originals/98/21/63/982163ab1da1d67694fea4cd2a979d96.jpg,2017,1,53,65,1,53,81.5,53,1,0,5,1,58.5
AB De Villiers,Test,https://i.pinimg.com/originals/98/21/63/982163ab1da1d67694fea4cd2a979d96.jpg,2018,14,638,990,12,53.2,64.4,126,6,1,86,6,69.3
AB De Villiers,ODI,https://i.pinimg.com/originals/98/21/63/982163ab1da1d67694fea4cd2a979d96.jpg,2005,14,221,331,14,15.8,66.8,39,0,0,29,4,71
AB De Villiers,ODI,https://i.pinimg.com/originals/98/21/63/982163ab1da1d67694fea4cd2a979d96.jpg,2006,12,466,549,11,42.4,84.9,92,3,0,49,7,53.2
AB De Villiers,ODI,https://i.pinimg.com/originals/98/21/63/982163ab1da1d67694fea4cd2a979d96.jpg,2007,32,"1,209","1,310",27,44.8,92.3,146,8,3,138,26,55.9
AB De Villiers,ODI,https://i.pinimg.com/originals/98/21/63/982163ab1da1d67694fea4cd2a979d96.jpg,2008,14,434,554,12,36.2,78.3,77,3,0,38,6,54
AB De Villiers,ODI,https://i.pinimg.com/originals/98/21/63/982163ab1da1d67694fea4cd2a979d96.jpg,2009,17,762,821,14,54.4,92.8,121,6,1,66,6,43
AB De Villiers,ODI,https://i.pinimg.com/originals/98/21/63/982163ab1da1d67694fea4cd2a979d96.jpg,2010,16,964,944,12,80.3,102.1,114,4,5,67,19,36.7
AB De Villiers,ODI,https://i.pinimg.com/originals/98/21/63/982163ab1da1d67694fea4cd2a979d96.jpg,2011,10,467,445,9,51.9,104.9,134,2,2,40,8,37.8
AB De Villiers,ODI,https://i.pinimg.com/originals/98/21/63/982163ab1da1d67694fea4cd2a979d96.jpg,2012,12,645,594,6,107.5,108.6,125,3,2,51,12,37
AB De Villiers,ODI,https://i.pinimg.com/originals/98/21/63/982163ab1da1d67694fea4cd2a979d96.jpg,2013,26,"1,163","1,198",23,50.6,97.1,128,7,3,94,21,41.4
AB De Villiers,ODI,https://i.pinimg.com/originals/98/21/63/982163ab1da1d67694fea4cd2a979d96.jpg,2014,16,879,768,12,73.2,114.5,136,6,2,80,14,35.3
AB De Villiers,ODI,https://i.pinimg.com/originals/98/21/63/982163ab1da1d67694fea4cd2a979d96.jpg,2015,18,"1,193",865,15,79.5,137.9,162,5,5,91,58,36.1
AB De Villiers,ODI,https://i.pinimg.com/originals/98/21/63/982163ab1da1d67694fea4cd2a979d96.jpg,2016,10,339,374,8,42.4,90.6,101,1,1,25,6,43
AB De Villiers,ODI,https://i.pinimg.com/originals/98/21/63/982163ab1da1d67694fea4cd2a979d96.jpg,2017,18,773,661,13,59.5,116.9,176,5,1,67,15,34.8
AB De Villiers,ODI,https://i.pinimg.com/originals/98/21/63/982163ab1da1d67694fea4cd2a979d96.jpg,2018,3,62,59,3,20.7,105.1,30,0,0,5,2,45.8
AB De Villiers,T20,https://i.pinimg.com/originals/98/21/63/982163ab1da1d67694fea4cd2a979d96.jpg,2006,1,6,4,1,6,150,6,0,0,0,1,75
AB De Villiers,T20,https://i.pinimg.com/originals/98/21/63/982163ab1da1d67694fea4cd2a979d96.jpg,2007,7,102,96,5,20.4,106.2,52,1,0,10,2,43.8
AB De Villiers,T20,https://i.pinimg.com/originals/98/21/63/982163ab1da1d67694fea4cd2a979d96.jpg,2008,2,61,48,2,30.5,127.1,36,0,0,6,1,33.3
AB De Villiers,T20,https://i.pinimg.com/originals/98/21/63/982163ab1da1d67694fea4cd2a979d96.jpg,2009,11,227,159,9,25.2,142.8,79,2,0,21,7,32.7
AB De Villiers,T20,https://i.pinimg.com/originals/98/21/63/982163ab1da1d67694fea4cd2a979d96.jpg,2010,9,194,174,8,24.2,111.5,53,1,0,5,9,36.2
AB De Villiers,T20,https://i.pinimg.com/originals/98/21/63/982163ab1da1d67694fea4cd2a979d96.jpg,2011,1,14,10,1,14,140,14,0,0,2,0,20
AB De Villiers,T20,https://i.pinimg.com/originals/98/21/63/982163ab1da1d67694fea4cd2a979d96.jpg,2012,10,178,157,9,19.8,113.4,39,0,0,13,4,33.8
AB De Villiers,T20,https://i.pinimg.com/originals/98/21/63/982163ab1da1d67694fea4cd2a979d96.jpg,2013,6,85,67,5,17,126.9,36,0,0,10,2,40.3
AB De Villiers,T20,https://i.pinimg.com/originals/98/21/63/982163ab1da1d67694fea4cd2a979d96.jpg,2014,6,140,89,5,28,157.3,69,1,0,15,4,29.2
AB De Villiers,T20,https://i.pinimg.com/originals/98/21/63/982163ab1da1d67694fea4cd2a979d96.jpg,2015,6,160,123,6,26.7,130.1,51,1,0,22,2,41.5
AB De Villiers,T20,https://i.pinimg.com/originals/98/21/63/982163ab1da1d67694fea4cd2a979d96.jpg,2016,8,201,110,7,28.7,182.7,71,2,0,12,16,32.7
AB De Villiers,T20,https://i.pinimg.com/originals/98/21/63/982163ab1da1d67694fea4cd2a979d96.jpg,2017,7,304,200,6,50.7,152,65,2,0,24,12,26.5
AB De Villiers,Leagues,https://i.pinimg.com/originals/98/21/63/982163ab1da1d67694fea4cd2a979d96.jpg,2008,6,95,98,5,19,96.9,26,0,0,5,1,39.8
AB De Villiers,Leagues,https://i.pinimg.com/originals/98/21/63/982163ab1da1d67694fea4cd2a979d96.jpg,2009,13,465,355,9,51.7,131,105,3,1,39,12,30.4
AB De Villiers,Leagues,https://i.pinimg.com/originals/98/21/63/982163ab1da1d67694fea4cd2a979d96.jpg,2010,7,111,119,7,15.9,93.3,45,0,0,7,0,36.1
AB De Villiers,Leagues,https://i.pinimg.com/originals/98/21/63/982163ab1da1d67694fea4cd2a979d96.jpg,2011,14,343,268,10,34.3,128,65,2,0,22,16,33.6
AB De Villiers,Leagues,https://i.pinimg.com/originals/98/21/63/982163ab1da1d67694fea4cd2a979d96.jpg,2012,13,319,198,8,39.9,161.1,64,3,0,26,15,27.3
AB De Villiers,Leagues,https://i.pinimg.com/originals/98/21/63/982163ab1da1d67694fea4cd2a979d96.jpg,2013,18,497,294,13,38.2,169,77,3,0,45,23,25.9
AB De Villiers,Leagues,https://i.pinimg.com/originals/98/21/63/982163ab1da1d67694fea4cd2a979d96.jpg,2014,13,395,249,11,35.9,158.6,89,3,0,26,24,29.7
AB De Villiers,Leagues,https://i.pinimg.com/originals/98/21/63/982163ab1da1d67694fea4cd2a979d96.jpg,2015,14,513,293,11,46.6,175.1,133,2,1,60,22,31.4
AB De Villiers,Leagues,https://i.pinimg.com/originals/98/21/63/982163ab1da1d67694fea4cd2a979d96.jpg,2016,21,921,562,17,54.2,163.9,129,8,1,80,45,26.3
AB De Villiers,Leagues,https://i.pinimg.com/originals/98/21/63/982163ab1da1d67694fea4cd2a979d96.jpg,2017,9,216,163,8,27,132.5,89,1,0,12,16,41.7
AB De Villiers,Leagues,https://i.pinimg.com/originals/98/21/63/982163ab1da1d67694fea4cd2a979d96.jpg,2018,21,762,449,18,42.3,169.7,93,8,0,64,44,28.1
AB De Villiers,Leagues,https://i.pinimg.com/originals/98/21/63/982163ab1da1d67694fea4cd2a979d96.jpg,2019,43,"1,578","1,006",30,52.6,156.9,100,14,1,115,79,27.6
AB De Villiers,Leagues,https://i.pinimg.com/originals/98/21/63/982163ab1da1d67694fea4cd2a979d96.jpg,2020,20,600,390,16,37.5,153.8,73,6,0,41,29,26.2
AB De Villiers,Leagues,https://i.pinimg.com/originals/98/21/63/982163ab1da1d67694fea4cd2a979d96.jpg,2021,14,313,211,10,31.3,148.3,76,2,0,23,16,32.2
Virat Kohli,Test,https://static.toiimg.com/photo/99849830/99849830.jpg,2011,9,202,473,9,22.4,42.7,63,2,0,15,2,72.1
Virat Kohli,Test,https://static.toiimg.com/photo/99849830/99849830.jpg,2012,16,689,"1,474",14,49.2,46.7,116,3,3,89,2,77.9
Virat Kohli,Test,https://static.toiimg.com/photo/99849830/99849830.jpg,2013,12,616,"1,127",11,56,54.7,119,3,2,73,2,70.9
Virat Kohli,Test,https://static.toiimg.com/photo/99849830/99849830.jpg,2014,20,847,"1,399",19,44.6,60.5,169,2,4,101,2,69.4
Virat Kohli,Test,https://static.toiimg.com/photo/99849830/99849830.jpg,2015,15,640,"1,184",15,42.7,54.1,147,2,2,74,1,72
Virat Kohli,Test,https://static.toiimg.com/photo/99849830/99849830.jpg,2016,18,"1,215","2,011",16,75.9,60.4,235,2,4,134,2,65.1
Virat Kohli,Test,https://static.toiimg.com/photo/99849830/99849830.jpg,2017,16,"1,059","1,389",14,75.6,76.2,243,1,5,98,6,54.2
Virat Kohli,Test,https://static.toiimg.com/photo/99849830/99849830.jpg,2018,24,"1,307","2,414",24,54.5,54.1,153,5,5,142,2,70.5
Virat Kohli,Test,https://static.toiimg.com/photo/99849830/99849830.jpg,2019,11,608,967,9,67.6,62.9,254,2,2,78,3,68.4
Virat Kohli,Test,https://static.toiimg.com/photo/99849830/99849830.jpg,2020,6,116,283,6,19.3,41,74,1,0,15,0,79.9
Virat Kohli,Test,https://static.toiimg.com/photo/99849830/99849830.jpg,2021,19,536,"1,216",19,28.2,44.1,72,4,0,60,1,77.1
Virat Kohli,Test,https://static.toiimg.com/photo/99849830/99849830.jpg,2022,11,265,672,10,26.5,39.4,79,1,0,33,1,79.2
Virat Kohli,Test,https://static.toiimg.com/photo/99849830/99849830.jpg,2023,12,671,"1,226",12,55.9,54.7,186,2,2,70,1,68.6
Virat Kohli,Test,https://static.toiimg.com/photo/99849830/99849830.jpg,2024,2,58,70,2,29,82.9,46,0,0,8,1,64.3
Virat Kohli,ODI,https://static.toiimg.com/photo/99849830/99849830.jpg,2008,5,159,239,5,31.8,66.5,54,1,0,21,1,71.5
Virat Kohli,ODI,https://static.toiimg.com/photo/99849830/99849830.jpg,2009,8,325,385,6,54.2,84.4,107,2,1,36,3,51.7
Virat Kohli,ODI,https://static.toiimg.com/photo/99849830/99849830.jpg,2010,23,995,"1,169",20,49.8,85.1,118,7,3,90,4,48.3
Virat Kohli,ODI,https://static.toiimg.com/photo/99849830/99849830.jpg,2011,34,"1,381","1,614",29,47.6,85.6,117,8,4,127,7,46.8
Virat Kohli,ODI,https://static.toiimg.com/photo/99849830/99849830.jpg,2012,17,"1,026","1,094",15,68.4,93.8,183,3,5,92,7,43.6
Virat Kohli,ODI,https://static.toiimg.com/photo/99849830/99849830.jpg,2013,30,"1,268","1,300",24,52.8,97.5,115,7,4,138,20,48.1
Virat Kohli,ODI,https://static.toiimg.com/photo/99849830/99849830.jpg,2014,20,"1,054","1,058",18,58.6,99.6,139,5,4,94,20,43.6
Virat Kohli,ODI,https://static.toiimg.com/photo/99849830/99849830.jpg,2015,20,623,773,17,36.6,80.6,138,1,2,44,8,49
Virat Kohli,ODI,https://static.toiimg.com/photo/99849830/99849830.jpg,2016,10,739,739,8,92.4,100,154,4,3,62,8,40.2
Virat Kohli,ODI,https://static.toiimg.com/photo/99849830/99849830.jpg,2017,26,"1,460","1,473",19,76.8,99.1,131,7,6,136,22,42.8
Virat Kohli,ODI,https://static.toiimg.com/photo/99849830/99849830.jpg,2018,14,"1,202","1,172",9,133.6,102.6,160,3,6,123,13,41.7
Virat Kohli,ODI,https://static.toiimg.com/photo/99849830/99849830.jpg,2019,25,"1,377","1,429",23,59.9,96.4,123,7,5,133,8,41.8
Virat Kohli,ODI,https://static.toiimg.com/photo/99849830/99849830.jpg,2020,9,431,467,9,47.9,92.3,89,5,0,35,5,41.1
Virat Kohli,ODI,https://static.toiimg.com/photo/99849830/99849830.jpg,2021,3,129,149,3,43,86.6,66,2,0,10,1,41.6
Virat Kohli,ODI,https://static.toiimg.com/photo/99849830/99849830.jpg,2022,11,302,347,11,27.5,87,113,2,1,32,2,48.1
Virat Kohli,ODI,https://static.toiimg.com/photo/99849830/99849830.jpg,2023,24,"1,377","1,389",19,72.5,99.1,166,8,6,122,24,42
Virat Kohli,T20,https://static.toiimg.com/photo/99849830/99849830.jpg,2010,1,26,21,0,-,123.8,26,0,0,3,1,42.9
Virat Kohli,T20,https://static.toiimg.com/photo/99849830/99849830.jpg,2011,4,61,52,4,15.2,117.3,28,0,0,10,0,42.3
Virat Kohli,T20,https://static.toiimg.com/photo/99849830/99849830.jpg,2012,13,471,355,12,39.2,132.7,78,4,0,57,7,30.7
Virat Kohli,T20,https://static.toiimg.com/photo/99849830/99849830.jpg,2013,1,29,22,1,29,131.8,29,0,0,2,1,31.8
Virat Kohli,T20,https://static.toiimg.com/photo/99849830/99849830.jpg,2014,7,385,288,4,96.2,133.7,77,5,0,33,11,26.7
Virat Kohli,T20,https://static.toiimg.com/photo/99849830/99849830.jpg,2015,2,44,28,2,22,157.1,43,0,0,1,3,7.1
Virat Kohli,T20,https://static.toiimg.com/photo/99849830/99849830.jpg,2016,13,641,457,6,106.8,140.3,90,7,0,70,9,29.1
Virat Kohli,T20,https://static.toiimg.com/photo/99849830/99849830.jpg,2017,10,299,196,8,37.4,152.6,82,2,0,32,8,24.5
Virat Kohli,T20,https://static.toiimg.com/photo/99849830/99849830.jpg,2018,9,211,173,7,30.1,122,61,1,0,10,8,33.5
Virat Kohli,T20,https://static.toiimg.com/photo/99849830/99849830.jpg,2019,10,466,315,6,77.7,147.9,94,5,0,29,23,24.4
Virat Kohli,T20,https://static.toiimg.com/photo/99849830/99849830.jpg,2020,9,295,208,8,36.9,141.8,85,1,0,18,10,20.7
Virat Kohli,T20,https://static.toiimg.com/photo/99849830/99849830.jpg,2021,8,299,225,4,74.8,132.9,80,4,0,25,10,30.2
Virat Kohli,T20,https://static.toiimg.com/photo/99849830/99849830.jpg,2022,20,781,565,14,55.8,138.2,122,8,1,66,26,29
Virat Kohli,T20,https://static.toiimg.com/photo/99849830/99849830.jpg,2024,10,180,151,10,18,119.2,76,1,0,13,7,39.7
Virat Kohli,Leagues,https://static.toiimg.com/photo/99849830/99849830.jpg,2008,12,165,157,11,15,105.1,38,0,0,18,4,45.2
Virat Kohli,Leagues,https://static.toiimg.com/photo/99849830/99849830.jpg,2009,17,325,270,14,23.2,120.4,50,1,0,34,8,38.5
Virat Kohli,Leagues,https://static.toiimg.com/photo/99849830/99849830.jpg,2010,17,420,284,14,30,147.9,58,1,0,36,16,27.5
Virat Kohli,Leagues,https://static.toiimg.com/photo/99849830/99849830.jpg,2011,22,789,619,17,46.4,127.5,84,6,0,78,26,37.8
Virat Kohli,Leagues,https://static.toiimg.com/photo/99849830/99849830.jpg,2012,15,364,326,13,28,111.7,73,2,0,33,10,39.6
Virat Kohli,Leagues,https://static.toiimg.com/photo/99849830/99849830.jpg,2013,16,634,457,14,45.3,138.7,99,6,0,64,22,35.9
Virat Kohli,Leagues,https://static.toiimg.com/photo/99849830/99849830.jpg,2014,14,359,294,13,27.6,122.1,73,2,0,23,16,36.4
Virat Kohli,Leagues,https://static.toiimg.com/photo/99849830/99849830.jpg,2015,16,505,386,11,45.9,130.8,82,3,0,35,23,36
Virat Kohli,Leagues,https://static.toiimg.com/photo/99849830/99849830.jpg,2016,16,973,640,12,81.1,152,113,7,4,84,38,26.4
Virat Kohli,Leagues,https://static.toiimg.com/photo/99849830/99849830.jpg,2017,10,308,252,10,30.8,122.2,64,4,0,23,11,35.7
Virat Kohli,Leagues,https://static.toiimg.com/photo/99849830/99849830.jpg,2018,14,530,381,11,48.2,139.1,92,4,0,52,18,31.8
Virat Kohli,Leagues,https://static.toiimg.com/photo/99849830/99849830.jpg,2019,14,464,328,14,33.1,141.5,100,2,1,46,13,28.4
Virat Kohli,Leagues,https://static.toiimg.com/photo/99849830/99849830.jpg,2020,15,466,384,11,42.4,121.4,90,3,0,23,11,26
Virat Kohli,Leagues,https://static.toiimg.com/photo/99849830/99849830.jpg,2021,15,405,339,14,28.9,119.5,72,3,0,43,9,37.2
Virat Kohli,Leagues,https://static.toiimg.com/photo/99849830/99849830.jpg,2022,16,341,294,15,22.7,116,73,2,0,32,8,39.1
Virat Kohli,Leagues,https://static.toiimg.com/photo/99849830/99849830.jpg,2023,14,639,457,12,53.2,139.8,101,6,2,65,16,28.4
Virat Kohli,Leagues,https://static.toiimg.com/photo/99849830/99849830.jpg,2024,15,741,479,12,61.8,154.7,113,5,1,62,38,30.9
Sachin Tendulkar,Test,https://static.toiimg.com/photo/99705823/99705823.jpg,2002,26,"1,392","2,568",25,55.7,54.2,193,5,4,198,4,75.4
Sachin Tendulkar,Test,https://static.toiimg.com/photo/99705823/99705823.jpg,2003,9,153,386,9,17,39.6,55,1,0,17,0,80.1
Sachin Tendulkar,Test,https://static.toiimg.com/photo/99705823/99705823.jpg,2004,15,915,"1,631",10,91.5,56.1,248,2,3,113,2,70.8
Sachin Tendulkar,Test,https://static.toiimg.com/photo/99705823/99705823.jpg,2005,10,444,"1,009",10,44.4,44,109,3,1,62,1,77.8
Sachin Tendulkar,Test,https://static.toiimg.com/photo/99705823/99705823.jpg,2006,12,267,499,11,24.3,53.5,63,1,0,46,0,79.2
Sachin Tendulkar,Test,https://static.toiimg.com/photo/99705823/99705823.jpg,2007,16,776,"1,483",14,55.4,52.3,122,6,2,93,2,72.6
Sachin Tendulkar,Test,https://static.toiimg.com/photo/99705823/99705823.jpg,2008,25,"1,063","1,861",22,48.3,57.1,154,3,4,114,5,69
Sachin Tendulkar,Test,https://static.toiimg.com/photo/99705823/99705823.jpg,2009,9,541,969,8,67.6,55.8,160,3,2,71,4,72
Sachin Tendulkar,Test,https://static.toiimg.com/photo/99705823/99705823.jpg,2010,23,"1,562","2,793",20,78.1,55.9,214,5,7,181,10,69.5
Sachin Tendulkar,Test,https://static.toiimg.com/photo/99705823/99705823.jpg,2011,17,756,"1,466",16,47.2,51.6,146,5,1,95,5,74.4
Sachin Tendulkar,Test,https://static.toiimg.com/photo/99705823/99705823.jpg,2012,15,357,743,15,23.8,48,80,2,0,55,0,78.7
Sachin Tendulkar,Test,https://static.toiimg.com/photo/99705823/99705823.jpg,2013,9,276,488,8,34.5,56.6,81,2,0,34,2,70.3
Sachin Tendulkar,ODI,https://static.toiimg.com/photo/99705823/99705823.jpg,2002,19,741,846,14,52.9,87.6,113,3,2,78,6,49.5
Sachin Tendulkar,ODI,https://static.toiimg.com/photo/99705823/99705823.jpg,2003,21,"1,141","1,306",20,57,87.4,152,8,3,132,8,53.7
Sachin Tendulkar,ODI,https://static.toiimg.com/photo/99705823/99705823.jpg,2004,21,812,"1,014",20,40.6,80.1,141,5,1,102,5,59.6
Sachin Tendulkar,ODI,https://static.toiimg.com/photo/99705823/99705823.jpg,2005,16,412,533,15,27.5,77.3,123,2,1,51,5,60
Sachin Tendulkar,ODI,https://static.toiimg.com/photo/99705823/99705823.jpg,2006,16,628,815,14,44.9,77.1,141,3,2,81,7,61.5
Sachin Tendulkar,ODI,https://static.toiimg.com/photo/99705823/99705823.jpg,2007,32,"1,425","1,665",30,47.5,85.6,100,13,1,192,12,58.9
Sachin Tendulkar,ODI,https://static.toiimg.com/photo/99705823/99705823.jpg,2008,12,460,546,11,41.8,84.2,117,3,1,46,0,53.7
Sachin Tendulkar,ODI,https://static.toiimg.com/photo/99705823/99705823.jpg,2009,20,972,"1,034",18,54,94,175,3,3,108,13,51.9
Sachin Tendulkar,ODI,https://static.toiimg.com/photo/99705823/99705823.jpg,2010,2,204,152,1,204,134.2,200,0,1,26,3,35.5
Sachin Tendulkar,ODI,https://static.toiimg.com/photo/99705823/99705823.jpg,2011,11,513,579,11,46.6,88.6,120,2,2,54,8,53.2
Sachin Tendulkar,ODI,https://static.toiimg.com/photo/99705823/99705823.jpg,2012,10,315,387,10,31.5,81.4,114,1,1,35,2,55.6
Sachin Tendulkar,T20,https://static.toiimg.com/photo/99705823/99705823.jpg,2006,1,10,12,1,10,83.3,10,0,0,2,0,75
Sachin Tendulkar,Leagues,https://static.toiimg.com/photo/99705823/99705823.jpg,2008,7,188,177,6,31.3,106.2,65,1,0,26,2,48
Sachin Tendulkar,Leagues,https://static.toiimg.com/photo/99705823/99705823.jpg,2009,13,364,303,11,33.1,120.1,68,2,0,39,10,40.6
Sachin Tendulkar,Leagues,https://static.toiimg.com/photo/99705823/99705823.jpg,2010,19,766,572,17,45.1,133.9,89,6,0,106,4,34.8
Sachin Tendulkar,Leagues,https://static.toiimg.com/photo/99705823/99705823.jpg,2011,16,553,488,13,42.5,113.3,100,2,1,67,5,39.8
Sachin Tendulkar,Leagues,https://static.toiimg.com/photo/99705823/99705823.jpg,2012,17,371,349,15,24.7,106.3,74,2,0,45,5,45.6
Sachin Tendulkar,Leagues,https://static.toiimg.com/photo/99705823/99705823.jpg,2013,19,357,302,18,19.8,118.2,54,1,0,47,7,45.4
Chris Gayle,Test,"https://img.etimg.com/thumb/width-640,height-480,imgsize-238277,resizemode-75,msid-50493690/news/sports/ian-chappell-calls-for-wordwide-ban-on-chris-gayle.jpg",2002,23,916,"1,864",22,41.6,49.1,204,7,1,159,3,80.3
Chris Gayle,Test,"https://img.etimg.com/thumb/width-640,height-480,imgsize-238277,resizemode-75,msid-50493690/news/sports/ian-chappell-calls-for-wordwide-ban-on-chris-gayle.jpg",2003,13,312,657,13,24,47.5,71,2,0,51,1,80.1
Chris Gayle,Test,"https://img.etimg.com/thumb/width-640,height-480,imgsize-238277,resizemode-75,msid-50493690/news/sports/ian-chappell-calls-for-wordwide-ban-on-chris-gayle.jpg",2004,22,"1,135","1,592",21,54,71.3,141,7,4,185,6,70.3
Chris Gayle,Test,"https://img.etimg.com/thumb/width-640,height-480,imgsize-238277,resizemode-75,msid-50493690/news/sports/ian-chappell-calls-for-wordwide-ban-on-chris-gayle.jpg",2005,13,534,849,13,41.1,62.9,317,2,1,66,8,70.2
Chris Gayle,Test,"https://img.etimg.com/thumb/width-640,height-480,imgsize-238277,resizemode-75,msid-50493690/news/sports/ian-chappell-calls-for-wordwide-ban-on-chris-gayle.jpg",2006,18,690,"1,203",18,38.3,57.4,93,6,0,98,13,76.4
Chris Gayle,Test,"https://img.etimg.com/thumb/width-640,height-480,imgsize-238277,resizemode-75,msid-50493690/news/sports/ian-chappell-calls-for-wordwide-ban-on-chris-gayle.jpg",2007,10,315,398,9,35,79.1,66,2,0,51,2,67.8
Chris Gayle,Test,"https://img.etimg.com/thumb/width-640,height-480,imgsize-238277,resizemode-75,msid-50493690/news/sports/ian-chappell-calls-for-wordwide-ban-on-chris-gayle.jpg",2008,11,533,904,10,53.3,59,197,2,1,67,14,75.2
Chris Gayle,Test,"https://img.etimg.com/thumb/width-640,height-480,imgsize-238277,resizemode-75,msid-50493690/news/sports/ian-chappell-calls-for-wordwide-ban-on-chris-gayle.jpg",2009,16,739,"1,091",15,49.3,67.7,165,1,4,82,18,68.9
Chris Gayle,Test,"https://img.etimg.com/thumb/width-640,height-480,imgsize-238277,resizemode-75,msid-50493690/news/sports/ian-chappell-calls-for-wordwide-ban-on-chris-gayle.jpg",2010,9,525,749,9,58.3,70.1,333,2,1,63,10,65.3
Chris Gayle,Test,"https://img.etimg.com/thumb/width-640,height-480,imgsize-238277,resizemode-75,msid-50493690/news/sports/ian-chappell-calls-for-wordwide-ban-on-chris-gayle.jpg",2012,8,318,421,6,53,75.5,150,1,1,36,10,67.5
Chris Gayle,Test,"https://img.etimg.com/thumb/width-640,height-480,imgsize-238277,resizemode-75,msid-50493690/news/sports/ian-chappell-calls-for-wordwide-ban-on-chris-gayle.jpg",2013,7,242,370,6,40.3,65.4,101,0,1,36,5,73
Chris Gayle,Test,"https://img.etimg.com/thumb/width-640,height-480,imgsize-238277,resizemode-75,msid-50493690/news/sports/ian-chappell-calls-for-wordwide-ban-on-chris-gayle.jpg",2014,8,281,396,6,46.8,71,80,3,0,38,8,72.2
Chris Gayle,ODI,"https://img.etimg.com/thumb/width-640,height-480,imgsize-238277,resizemode-75,msid-50493690/news/sports/ian-chappell-calls-for-wordwide-ban-on-chris-gayle.jpg",2002,22,"1,097","1,238",22,49.9,88.6,140,7,3,134,25,60.3
Chris Gayle,ODI,"https://img.etimg.com/thumb/width-640,height-480,imgsize-238277,resizemode-75,msid-50493690/news/sports/ian-chappell-calls-for-wordwide-ban-on-chris-gayle.jpg",2003,21,981,"1,256",20,49,78.1,153,6,3,120,13,62.1
Chris Gayle,ODI,"https://img.etimg.com/thumb/width-640,height-480,imgsize-238277,resizemode-75,msid-50493690/news/sports/ian-chappell-calls-for-wordwide-ban-on-chris-gayle.jpg",2004,22,722,"1,014",19,38,71.2,152,2,2,78,8,63.4
Chris Gayle,ODI,"https://img.etimg.com/thumb/width-640,height-480,imgsize-238277,resizemode-75,msid-50493690/news/sports/ian-chappell-calls-for-wordwide-ban-on-chris-gayle.jpg",2005,17,563,635,17,33.1,88.7,132,2,2,60,6,54.5
Chris Gayle,ODI,"https://img.etimg.com/thumb/width-640,height-480,imgsize-238277,resizemode-75,msid-50493690/news/sports/ian-chappell-calls-for-wordwide-ban-on-chris-gayle.jpg",2006,32,"1,217","1,453",29,42,83.8,133,4,4,165,24,62.6
Chris Gayle,ODI,"https://img.etimg.com/thumb/width-640,height-480,imgsize-238277,resizemode-75,msid-50493690/news/sports/ian-chappell-calls-for-wordwide-ban-on-chris-gayle.jpg",2007,19,560,696,17,32.9,80.5,85,5,0,63,14,61.5
Chris Gayle,ODI,"https://img.etimg.com/thumb/width-640,height-480,imgsize-238277,resizemode-75,msid-50493690/news/sports/ian-chappell-calls-for-wordwide-ban-on-chris-gayle.jpg",2008,13,633,690,12,52.8,91.7,122,3,3,60,26,57.4
Chris Gayle,ODI,"https://img.etimg.com/thumb/width-640,height-480,imgsize-238277,resizemode-75,msid-50493690/news/sports/ian-chappell-calls-for-wordwide-ban-on-chris-gayle.jpg",2009,15,552,469,14,39.4,117.7,134,2,1,56,27,52.5
Chris Gayle,ODI,"https://img.etimg.com/thumb/width-640,height-480,imgsize-238277,resizemode-75,msid-50493690/news/sports/ian-chappell-calls-for-wordwide-ban-on-chris-gayle.jpg",2010,15,456,470,14,32.6,97,88,3,0,48,14,55.3
Chris Gayle,ODI,"https://img.etimg.com/thumb/width-640,height-480,imgsize-238277,resizemode-75,msid-50493690/news/sports/ian-chappell-calls-for-wordwide-ban-on-chris-gayle.jpg",2011,8,202,221,7,28.9,91.4,80,1,0,27,4,58.4
Chris Gayle,ODI,"https://img.etimg.com/thumb/width-640,height-480,imgsize-238277,resizemode-75,msid-50493690/news/sports/ian-chappell-calls-for-wordwide-ban-on-chris-gayle.jpg",2012,11,345,384,10,34.5,89.8,125,2,1,27,24,64.8
Chris Gayle,ODI,"https://img.etimg.com/thumb/width-640,height-480,imgsize-238277,resizemode-75,msid-50493690/news/sports/ian-chappell-calls-for-wordwide-ban-on-chris-gayle.jpg",2013,16,311,363,16,19.4,85.7,109,0,1,36,11,62.8
Chris Gayle,ODI,"https://img.etimg.com/thumb/width-640,height-480,imgsize-238277,resizemode-75,msid-50493690/news/sports/ian-chappell-calls-for-wordwide-ban-on-chris-gayle.jpg",2014,3,67,102,3,22.3,65.7,58,1,0,4,5,72.5
Chris Gayle,ODI,"https://img.etimg.com/thumb/width-640,height-480,imgsize-238277,resizemode-75,msid-50493690/news/sports/ian-chappell-calls-for-wordwide-ban-on-chris-gayle.jpg",2015,11,411,352,11,37.4,116.8,215,1,1,25,29,54
Chris Gayle,ODI,"https://img.etimg.com/thumb/width-640,height-480,imgsize-238277,resizemode-75,msid-50493690/news/sports/ian-chappell-calls-for-wordwide-ban-on-chris-gayle.jpg",2017,6,199,175,6,33.2,113.7,94,1,0,16,15,60
Chris Gayle,ODI,"https://img.etimg.com/thumb/width-640,height-480,imgsize-238277,resizemode-75,msid-50493690/news/sports/ian-chappell-calls-for-wordwide-ban-on-chris-gayle.jpg",2018,9,306,323,9,34,94.7,122,1,1,19,22,59.1
Chris Gayle,ODI,"https://img.etimg.com/thumb/width-640,height-480,imgsize-238277,resizemode-75,msid-50493690/news/sports/ian-chappell-calls-for-wordwide-ban-on-chris-gayle.jpg",2019,15,753,686,15,50.2,109.8,162,5,2,55,56,56.9
Chris Gayle,T20,"https://img.etimg.com/thumb/width-640,height-480,imgsize-238277,resizemode-75,msid-50493690/news/sports/ian-chappell-calls-for-wordwide-ban-on-chris-gayle.jpg",2006,1,10,12,1,10,83.3,10,0,0,2,0,75
Chris Gayle,T20A,"https://img.etimg.com/thumb/width-640,height-480,imgsize-238277,resizemode-75,msid-50493690/news/sports/ian-chappell-calls-for-wordwide-ban-on-chris-gayle.jpg",2007,4,183,105,4,45.8,174.3,117,1,1,16,11,34.3
Chris Gayle,T20A,"https://img.etimg.com/thumb/width-640,height-480,imgsize-238277,resizemode-75,msid-50493690/news/sports/ian-chappell-calls-for-wordwide-ban-on-chris-gayle.jpg",2008,2,68,45,2,34,151.1,67,1,0,5,5,42.2
Chris Gayle,T20A,"https://img.etimg.com/thumb/width-640,height-480,imgsize-238277,resizemode-75,msid-50493690/news/sports/ian-chappell-calls-for-wordwide-ban-on-chris-gayle.jpg",2009,5,193,144,4,48.2,134,88,2,0,21,8,45.1
Chris Gayle,T20A,"https://img.etimg.com/thumb/width-640,height-480,imgsize-238277,resizemode-75,msid-50493690/news/sports/ian-chappell-calls-for-wordwide-ban-on-chris-gayle.jpg",2010,8,163,121,8,20.4,134.7,98,1,0,13,10,45.5
Chris Gayle,T20A,"https://img.etimg.com/thumb/width-640,height-480,imgsize-238277,resizemode-75,msid-50493690/news/sports/ian-chappell-calls-for-wordwide-ban-on-chris-gayle.jpg",2012,10,368,254,8,46,144.9,85,5,0,30,25,42.9
Chris Gayle,T20A,"https://img.etimg.com/thumb/width-640,height-480,imgsize-238277,resizemode-75,msid-50493690/news/sports/ian-chappell-calls-for-wordwide-ban-on-chris-gayle.jpg",2013,3,14,16,3,4.7,87.5,8,0,0,1,1,62.5
Chris Gayle,T20A,"https://img.etimg.com/thumb/width-640,height-480,imgsize-238277,resizemode-75,msid-50493690/news/sports/ian-chappell-calls-for-wordwide-ban-on-chris-gayle.jpg",2014,8,240,217,8,30,110.6,53,1,0,20,12,47.9
Chris Gayle,T20A,"https://img.etimg.com/thumb/width-640,height-480,imgsize-238277,resizemode-75,msid-50493690/news/sports/ian-chappell-calls-for-wordwide-ban-on-chris-gayle.jpg",2015,2,167,72,2,83.5,231.9,90,2,0,14,15,33.3
Chris Gayle,T20A,"https://img.etimg.com/thumb/width-640,height-480,imgsize-238277,resizemode-75,msid-50493690/news/sports/ian-chappell-calls-for-wordwide-ban-on-chris-gayle.jpg",2016,4,113,58,3,37.7,194.8,100,0,1,8,11,41.4
Chris Gayle,T20A,"https://img.etimg.com/thumb/width-640,height-480,imgsize-238277,resizemode-75,msid-50493690/news/sports/ian-chappell-calls-for-wordwide-ban-on-chris-gayle.jpg",2017,3,70,49,3,23.3,142.9,40,0,0,6,5,46.9
Chris Gayle,T20A,"https://img.etimg.com/thumb/width-640,height-480,imgsize-238277,resizemode-75,msid-50493690/news/sports/ian-chappell-calls-for-wordwide-ban-on-chris-gayle.jpg",2018,2,18,30,2,9,60,18,0,0,1,0,56.7
Chris Gayle,T20A,"https://img.etimg.com/thumb/width-640,height-480,imgsize-238277,resizemode-75,msid-50493690/news/sports/ian-chappell-calls-for-wordwide-ban-on-chris-gayle.jpg",2019,2,20,16,2,10,125,15,0,0,1,2,56.2
Chris Gayle,T20A,"https://img.etimg.com/thumb/width-640,height-480,imgsize-238277,resizemode-75,msid-50493690/news/sports/ian-chappell-calls-for-wordwide-ban-on-chris-gayle.jpg",2021,21,272,242,18,15.1,112.4,67,1,0,20,19,54.1
Chris Gayle,Leagues,"https://img.etimg.com/thumb/width-640,height-480,imgsize-238277,resizemode-75,msid-50493690/news/sports/ian-chappell-calls-for-wordwide-ban-on-chris-gayle.jpg",2009,7,171,143,6,28.5,119.6,44,0,0,15,10,51
Chris Gayle,Leagues,"https://img.etimg.com/thumb/width-640,height-480,imgsize-238277,resizemode-75,msid-50493690/news/sports/ian-chappell-calls-for-wordwide-ban-on-chris-gayle.jpg",2010,9,292,184,9,32.4,158.7,88,2,0,30,16,37.5
Chris Gayle,Leagues,"https://img.etimg.com/thumb/width-640,height-480,imgsize-238277,resizemode-75,msid-50493690/news/sports/ian-chappell-calls-for-wordwide-ban-on-chris-gayle.jpg",2011,21,"1,044",588,17,61.4,177.6,107,6,3,79,84,37.8
Chris Gayle,Leagues,"https://img.etimg.com/thumb/width-640,height-480,imgsize-238277,resizemode-75,msid-50493690/news/sports/ian-chappell-calls-for-wordwide-ban-on-chris-gayle.jpg",2012,28,"1,164",756,24,48.5,154,128,8,3,70,96,41
Chris Gayle,Leagues,"https://img.etimg.com/thumb/width-640,height-480,imgsize-238277,resizemode-75,msid-50493690/news/sports/ian-chappell-calls-for-wordwide-ban-on-chris-gayle.jpg",2013,28,"1,123",777,23,48.8,144.5,175,6,2,88,78,44.1
Chris Gayle,Leagues,"https://img.etimg.com/thumb/width-640,height-480,imgsize-238277,resizemode-75,msid-50493690/news/sports/ian-chappell-calls-for-wordwide-ban-on-chris-gayle.jpg",2014,20,559,481,18,31.1,116.2,111,2,1,42,36,50.7
Chris Gayle,Leagues,"https://img.etimg.com/thumb/width-640,height-480,imgsize-238277,resizemode-75,msid-50493690/news/sports/ian-chappell-calls-for-wordwide-ban-on-chris-gayle.jpg",2015,34,"1,498",940,26,57.6,159.4,151,8,3,109,120,42.1
Chris Gayle,Leagues,"https://img.etimg.com/thumb/width-640,height-480,imgsize-238277,resizemode-75,msid-50493690/news/sports/ian-chappell-calls-for-wordwide-ban-on-chris-gayle.jpg",2016,42,"1,158",732,39,29.7,158.2,108,7,1,83,100,46.9
Chris Gayle,Leagues,"https://img.etimg.com/thumb/width-640,height-480,imgsize-238277,resizemode-75,msid-50493690/news/sports/ian-chappell-calls-for-wordwide-ban-on-chris-gayle.jpg",2017,40,"1,222",873,33,37,140,146,7,2,78,96,45.4
Chris Gayle,Leagues,"https://img.etimg.com/thumb/width-640,height-480,imgsize-238277,resizemode-75,msid-50493690/news/sports/ian-chappell-calls-for-wordwide-ban-on-chris-gayle.jpg",2018,32,838,661,30,27.9,126.8,104,6,1,78,54,51.3
Chris Gayle,Leagues,"https://img.etimg.com/thumb/width-640,height-480,imgsize-238277,resizemode-75,msid-50493690/news/sports/ian-chappell-calls-for-wordwide-ban-on-chris-gayle.jpg",2019,45,"1,220",861,42,29,141.7,122,6,2,107,86,47.9
Chris Gayle,Leagues,"https://img.etimg.com/thumb/width-640,height-480,imgsize-238277,resizemode-75,msid-50493690/news/sports/ian-chappell-calls-for-wordwide-ban-on-chris-gayle.jpg",2020,11,432,314,11,39.3,137.6,99,4,0,24,35,43.9
Chris Gayle,Leagues,"https://img.etimg.com/thumb/width-640,height-480,imgsize-238277,resizemode-75,msid-50493690/news/sports/ian-chappell-calls-for-wordwide-ban-on-chris-gayle.jpg",2021,21,465,346,20,23.2,134.4,68,1,0,47,25,46
Chris Gayle,Leagues,"https://img.etimg.com/thumb/width-640,height-480,imgsize-238277,resizemode-75,msid-50493690/news/sports/ian-chappell-calls-for-wordwide-ban-on-chris-gayle.jpg",2022,10,240,215,9,26.7,111.6,51,1,0,24,11,48.8
Rohit Sharma,Test,https://static.iwmbuzz.com/wp-content/uploads/2020/05/suit-looks-to-steal-from-rohit-sharma-3-697x1024.jpg,2013,6,333,530,5,66.6,62.8,177,0,2,38,5,68.7
Rohit Sharma,Test,https://static.iwmbuzz.com/wp-content/uploads/2020/05/suit-looks-to-steal-from-rohit-sharma-3-697x1024.jpg,2014,10,237,532,9,26.3,44.5,72,1,0,26,2,76.9
Rohit Sharma,Test,https://static.iwmbuzz.com/wp-content/uploads/2020/05/suit-looks-to-steal-from-rohit-sharma-3-697x1024.jpg,2015,13,326,670,13,25.1,48.7,79,3,0,25,10,75.1
Rohit Sharma,Test,https://static.iwmbuzz.com/wp-content/uploads/2020/05/suit-looks-to-steal-from-rohit-sharma-3-697x1024.jpg,2016,7,288,449,5,57.6,64.1,82,3,0,26,8,66.4
Rohit Sharma,Test,https://static.iwmbuzz.com/wp-content/uploads/2020/05/suit-looks-to-steal-from-rohit-sharma-3-697x1024.jpg,2017,3,217,311,1,217,69.8,102,2,1,20,3,60.1
Rohit Sharma,Test,https://static.iwmbuzz.com/wp-content/uploads/2020/05/suit-looks-to-steal-from-rohit-sharma-3-697x1024.jpg,2018,8,184,389,7,26.3,47.3,63,1,0,16,4,76.1
Rohit Sharma,Test,https://static.iwmbuzz.com/wp-content/uploads/2020/05/suit-looks-to-steal-from-rohit-sharma-3-697x1024.jpg,2019,6,556,732,6,92.7,76,212,0,3,65,20,68.4
Rohit Sharma,Test,https://static.iwmbuzz.com/wp-content/uploads/2020/05/suit-looks-to-steal-from-rohit-sharma-3-697x1024.jpg,2021,21,906,"1,880",19,47.7,48.2,161,4,2,108,11,76.8
Rohit Sharma,Test,https://static.iwmbuzz.com/wp-content/uploads/2020/05/suit-looks-to-steal-from-rohit-sharma-3-697x1024.jpg,2022,3,90,132,3,30,68.2,46,0,0,11,1,68.9
Rohit Sharma,Test,https://static.iwmbuzz.com/wp-content/uploads/2020/05/suit-looks-to-steal-from-rohit-sharma-3-697x1024.jpg,2023,13,545,931,13,41.9,58.5,120,2,2,60,13,70.8
Rohit Sharma,Test,https://static.iwmbuzz.com/wp-content/uploads/2020/05/suit-looks-to-steal-from-rohit-sharma-3-697x1024.jpg,2024,11,456,695,10,45.6,65.6,131,1,2,57,7,69.2
Rohit Sharma,ODI,https://static.iwmbuzz.com/wp-content/uploads/2020/05/suit-looks-to-steal-from-rohit-sharma-3-697x1024.jpg,2007,3,61,74,3,20.3,82.4,52,1,0,3,1,47.3
Rohit Sharma,ODI,https://static.iwmbuzz.com/wp-content/uploads/2020/05/suit-looks-to-steal-from-rohit-sharma-3-697x1024.jpg,2008,28,532,733,21,25.3,72.6,70,3,0,44,3,53.9
Rohit Sharma,ODI,https://static.iwmbuzz.com/wp-content/uploads/2020/05/suit-looks-to-steal-from-rohit-sharma-3-697x1024.jpg,2009,7,102,155,4,25.5,65.8,43,0,0,5,1,52.3
Rohit Sharma,ODI,https://static.iwmbuzz.com/wp-content/uploads/2020/05/suit-looks-to-steal-from-rohit-sharma-3-697x1024.jpg,2010,14,504,586,13,38.8,86,114,1,2,34,7,43.9
Rohit Sharma,ODI,https://static.iwmbuzz.com/wp-content/uploads/2020/05/suit-looks-to-steal-from-rohit-sharma-3-697x1024.jpg,2011,16,611,739,11,55.5,82.7,95,6,0,40,9,45.6
Rohit Sharma,ODI,https://static.iwmbuzz.com/wp-content/uploads/2020/05/suit-looks-to-steal-from-rohit-sharma-3-697x1024.jpg,2012,13,168,251,13,12.9,66.9,68,1,0,12,2,56.6
Rohit Sharma,ODI,https://static.iwmbuzz.com/wp-content/uploads/2020/05/suit-looks-to-steal-from-rohit-sharma-3-697x1024.jpg,2013,27,"1,196","1,480",23,52,80.8,209,8,2,119,30,57.8
Rohit Sharma,ODI,https://static.iwmbuzz.com/wp-content/uploads/2020/05/suit-looks-to-steal-from-rohit-sharma-3-697x1024.jpg,2014,12,578,613,11,52.5,94.3,264,3,1,58,22,54.3
Rohit Sharma,ODI,https://static.iwmbuzz.com/wp-content/uploads/2020/05/suit-looks-to-steal-from-rohit-sharma-3-697x1024.jpg,2015,17,815,854,16,50.9,95.4,150,4,3,76,23,51.1
Rohit Sharma,ODI,https://static.iwmbuzz.com/wp-content/uploads/2020/05/suit-looks-to-steal-from-rohit-sharma-3-697x1024.jpg,2016,10,564,592,9,62.7,95.3,171,2,2,46,19,51.2
Rohit Sharma,ODI,https://static.iwmbuzz.com/wp-content/uploads/2020/05/suit-looks-to-steal-from-rohit-sharma-3-697x1024.jpg,2017,21,"1,293","1,300",18,71.8,99.5,208,5,6,116,46,49.5
Rohit Sharma,ODI,https://static.iwmbuzz.com/wp-content/uploads/2020/05/suit-looks-to-steal-from-rohit-sharma-3-697x1024.jpg,2018,19,"1,030","1,029",14,73.6,100.1,162,3,5,104,39,52.4
Rohit Sharma,ODI,https://static.iwmbuzz.com/wp-content/uploads/2020/05/suit-looks-to-steal-from-rohit-sharma-3-697x1024.jpg,2019,27,"1,490","1,657",26,57.3,89.9,159,6,7,146,36,53
Rohit Sharma,ODI,https://static.iwmbuzz.com/wp-content/uploads/2020/05/suit-looks-to-steal-from-rohit-sharma-3-697x1024.jpg,2020,3,171,187,3,57,91.4,119,0,1,16,6,54.5
Rohit Sharma,ODI,https://static.iwmbuzz.com/wp-content/uploads/2020/05/suit-looks-to-steal-from-rohit-sharma-3-697x1024.jpg,2021,3,90,104,3,30,86.5,37,0,0,15,0,56.7
Rohit Sharma,ODI,https://static.iwmbuzz.com/wp-content/uploads/2020/05/suit-looks-to-steal-from-rohit-sharma-3-697x1024.jpg,2022,8,249,218,6,41.5,114.2,76,3,0,31,12,61.5
Rohit Sharma,ODI,https://static.iwmbuzz.com/wp-content/uploads/2020/05/suit-looks-to-steal-from-rohit-sharma-3-697x1024.jpg,2023,26,"1,255","1,072",24,52.3,117.1,131,9,2,131,67,54.7
Rohit Sharma,ODI,https://static.iwmbuzz.com/wp-content/uploads/2020/05/suit-looks-to-steal-from-rohit-sharma-3-697x1024.jpg,2024,3,157,111,3,52.3,141.4,64,2,0,18,8,45.9
Rohit Sharma,T20A,https://static.iwmbuzz.com/wp-content/uploads/2020/05/suit-looks-to-steal-from-rohit-sharma-3-697x1024.jpg,2007,3,88,61,0,-,144.3,50,1,0,9,4,39.3
Rohit Sharma,T20A,https://static.iwmbuzz.com/wp-content/uploads/2020/05/suit-looks-to-steal-from-rohit-sharma-3-697x1024.jpg,2008,1,8,8,1,8,100,8,0,0,1,0,37.5
Rohit Sharma,T20A,https://static.iwmbuzz.com/wp-content/uploads/2020/05/suit-looks-to-steal-from-rohit-sharma-3-697x1024.jpg,2009,8,145,129,7,20.7,112.4,52,1,0,12,4,41.1
Rohit Sharma,T20A,https://static.iwmbuzz.com/wp-content/uploads/2020/05/suit-looks-to-steal-from-rohit-sharma-3-697x1024.jpg,2010,3,94,69,2,47,136.2,79,1,0,6,6,43.5
Rohit Sharma,T20A,https://static.iwmbuzz.com/wp-content/uploads/2020/05/suit-looks-to-steal-from-rohit-sharma-3-697x1024.jpg,2011,3,80,60,3,26.7,133.3,53,1,0,5,4,30
Rohit Sharma,T20A,https://static.iwmbuzz.com/wp-content/uploads/2020/05/suit-looks-to-steal-from-rohit-sharma-3-697x1024.jpg,2012,9,116,89,5,23.2,130.3,55,1,0,9,2,24.7
Rohit Sharma,T20A,https://static.iwmbuzz.com/wp-content/uploads/2020/05/suit-looks-to-steal-from-rohit-sharma-3-697x1024.jpg,2013,1,8,8,1,8,100,8,0,0,0,1,62.5
Rohit Sharma,T20A,https://static.iwmbuzz.com/wp-content/uploads/2020/05/suit-looks-to-steal-from-rohit-sharma-3-697x1024.jpg,2014,6,200,162,5,40,123.5,62,2,0,19,6,37
Rohit Sharma,T20A,https://static.iwmbuzz.com/wp-content/uploads/2020/05/suit-looks-to-steal-from-rohit-sharma-3-697x1024.jpg,2015,2,128,90,2,64,142.2,106,0,1,14,5,37.8
Rohit Sharma,T20A,https://static.iwmbuzz.com/wp-content/uploads/2020/05/suit-looks-to-steal-from-rohit-sharma-3-697x1024.jpg,2016,18,497,378,17,29.2,131.5,83,4,0,45,19,37.8
Rohit Sharma,T20A,https://static.iwmbuzz.com/wp-content/uploads/2020/05/suit-looks-to-steal-from-rohit-sharma-3-697x1024.jpg,2017,9,283,165,9,31.4,171.5,118,1,1,30,16,36.4
Rohit Sharma,T20A,https://static.iwmbuzz.com/wp-content/uploads/2020/05/suit-looks-to-steal-from-rohit-sharma-3-697x1024.jpg,2018,18,590,400,16,36.9,147.5,111,3,2,52,31,35
Rohit Sharma,T20A,https://static.iwmbuzz.com/wp-content/uploads/2020/05/suit-looks-to-steal-from-rohit-sharma-3-697x1024.jpg,2019,14,396,286,14,28.3,138.5,85,4,0,33,22,40.2
Rohit Sharma,T20A,https://static.iwmbuzz.com/wp-content/uploads/2020/05/suit-looks-to-steal-from-rohit-sharma-3-697x1024.jpg,2020,4,140,93,3,46.7,150.5,65,2,0,11,7,33.3
Rohit Sharma,T20A,https://static.iwmbuzz.com/wp-content/uploads/2020/05/suit-looks-to-steal-from-rohit-sharma-3-697x1024.jpg,2021,11,424,281,11,38.5,150.9,74,5,0,39,23,37.7
Rohit Sharma,T20A,https://static.iwmbuzz.com/wp-content/uploads/2020/05/suit-looks-to-steal-from-rohit-sharma-3-697x1024.jpg,2022,29,656,488,28,23.4,134.4,72,3,0,64,32,43.2
Rohit Sharma,T20A,https://static.iwmbuzz.com/wp-content/uploads/2020/05/suit-looks-to-steal-from-rohit-sharma-3-697x1024.jpg,2024,11,378,237,9,42,159.5,121,3,1,35,23,38.8
Rohit Sharma,Leagues,https://static.iwmbuzz.com/wp-content/uploads/2020/05/suit-looks-to-steal-from-rohit-sharma-3-697x1024.jpg,2008,12,404,273,11,36.7,148,76,4,0,38,19,35.5
Rohit Sharma,Leagues,https://static.iwmbuzz.com/wp-content/uploads/2020/05/suit-looks-to-steal-from-rohit-sharma-3-697x1024.jpg,2009,18,411,360,15,27.4,114.2,52,1,0,28,18,38.9
Rohit Sharma,Leagues,https://static.iwmbuzz.com/wp-content/uploads/2020/05/suit-looks-to-steal-from-rohit-sharma-3-697x1024.jpg,2010,16,404,302,14,28.9,133.8,73,3,0,36,14,33.1
Rohit Sharma,Leagues,https://static.iwmbuzz.com/wp-content/uploads/2020/05/suit-looks-to-steal-from-rohit-sharma-3-697x1024.jpg,2011,13,372,297,10,37.2,125.3,87,3,0,32,13,34.7
Rohit Sharma,Leagues,https://static.iwmbuzz.com/wp-content/uploads/2020/05/suit-looks-to-steal-from-rohit-sharma-3-697x1024.jpg,2012,20,533,437,18,29.6,122,109,3,1,45,24,41.4
Rohit Sharma,Leagues,https://static.iwmbuzz.com/wp-content/uploads/2020/05/suit-looks-to-steal-from-rohit-sharma-3-697x1024.jpg,2013,24,711,523,18,39.5,135.9,79,5,0,47,38,33.1
Rohit Sharma,Leagues,https://static.iwmbuzz.com/wp-content/uploads/2020/05/suit-looks-to-steal-from-rohit-sharma-3-697x1024.jpg,2014,15,390,302,13,30,129.1,59,3,0,31,16,35.1
Rohit Sharma,Leagues,https://static.iwmbuzz.com/wp-content/uploads/2020/05/suit-looks-to-steal-from-rohit-sharma-3-697x1024.jpg,2015,16,482,333,14,34.4,144.7,98,3,0,41,21,30.6
Rohit Sharma,Leagues,https://static.iwmbuzz.com/wp-content/uploads/2020/05/suit-looks-to-steal-from-rohit-sharma-3-697x1024.jpg,2016,14,489,368,11,44.5,132.9,85,5,0,49,17,35.1
Rohit Sharma,Leagues,https://static.iwmbuzz.com/wp-content/uploads/2020/05/suit-looks-to-steal-from-rohit-sharma-3-697x1024.jpg,2017,16,333,273,14,23.8,122,67,3,0,31,9,35.9
Rohit Sharma,Leagues,https://static.iwmbuzz.com/wp-content/uploads/2020/05/suit-looks-to-steal-from-rohit-sharma-3-697x1024.jpg,2018,14,286,215,12,23.8,133,94,2,0,25,12,37.2
Rohit Sharma,Leagues,https://static.iwmbuzz.com/wp-content/uploads/2020/05/suit-looks-to-steal-from-rohit-sharma-3-697x1024.jpg,2019,15,405,315,14,28.9,128.6,67,2,0,52,10,40.3
Rohit Sharma,Leagues,https://static.iwmbuzz.com/wp-content/uploads/2020/05/suit-looks-to-steal-from-rohit-sharma-3-697x1024.jpg,2020,12,332,260,12,27.7,127.7,80,3,0,27,19,44.6
Rohit Sharma,Leagues,https://static.iwmbuzz.com/wp-content/uploads/2020/05/suit-looks-to-steal-from-rohit-sharma-3-697x1024.jpg,2021,13,381,299,13,29.3,127.4,63,1,0,33,14,37.1
Rohit Sharma,Leagues,https://static.iwmbuzz.com/wp-content/uploads/2020/05/suit-looks-to-steal-from-rohit-sharma-3-697x1024.jpg,2022,14,268,223,14,19.1,120.2,48,0,0,28,13,52
Rohit Sharma,Leagues,https://static.iwmbuzz.com/wp-content/uploads/2020/05/suit-looks-to-steal-from-rohit-sharma-3-697x1024.jpg,2023,16,332,250,16,20.8,132.8,65,2,0,35,17,45.2
Rohit Sharma,Leagues,https://static.iwmbuzz.com/wp-content/uploads/2020/05/suit-looks-to-steal-from-rohit-sharma-3-697x1024.jpg,2024,14,417,278,13,32.1,150,105,1,1,45,23,43.5
MS Dhoni,Test,https://images.news9live.com/wp-content/uploads/2024/01/1-59.jpg,2005,5,149,199,4,37.2,74.9,51,1,0,20,2,64.3
MS Dhoni,Test,https://images.news9live.com/wp-content/uploads/2024/01/1-59.jpg,2006,19,557,778,19,29.3,71.6,148,2,1,76,12,69.5
MS Dhoni,Test,https://images.news9live.com/wp-content/uploads/2024/01/1-59.jpg,2007,13,468,690,9,52,67.8,92,5,0,52,10,65.7
MS Dhoni,Test,https://images.news9live.com/wp-content/uploads/2024/01/1-59.jpg,2008,19,633,"1,206",18,35.2,52.5,92,6,0,60,8,72.4
MS Dhoni,Test,https://images.news9live.com/wp-content/uploads/2024/01/1-59.jpg,2009,6,369,623,4,92.2,59.2,110,2,2,34,8,69.7
MS Dhoni,Test,https://images.news9live.com/wp-content/uploads/2024/01/1-59.jpg,2010,19,749,"1,350",18,41.6,55.5,132,4,1,79,11,70
MS Dhoni,Test,https://images.news9live.com/wp-content/uploads/2024/01/1-59.jpg,2011,21,511,880,19,26.9,58.1,144,3,1,47,10,68.3
MS Dhoni,Test,https://images.news9live.com/wp-content/uploads/2024/01/1-59.jpg,2012,13,447,908,11,40.6,49.2,99,5,0,45,8,74.9
MS Dhoni,Test,https://images.news9live.com/wp-content/uploads/2024/01/1-59.jpg,2013,12,459,634,10,45.9,72.4,224,0,1,56,6,65.1
MS Dhoni,Test,https://images.news9live.com/wp-content/uploads/2024/01/1-59.jpg,2014,17,534,981,16,33.4,54.4,82,5,0,76,3,76.2
MS Dhoni,ODI,https://images.news9live.com/wp-content/uploads/2024/01/1-59.jpg,2004,3,19,14,2,9.5,135.7,12,0,0,2,1,42.9
MS Dhoni,ODI,https://images.news9live.com/wp-content/uploads/2024/01/1-59.jpg,2005,24,895,870,18,49.7,102.9,183,3,2,67,34,47.9
MS Dhoni,ODI,https://images.news9live.com/wp-content/uploads/2024/01/1-59.jpg,2006,26,821,883,20,41,93,96,7,0,81,20,51.3
MS Dhoni,ODI,https://images.news9live.com/wp-content/uploads/2024/01/1-59.jpg,2007,33,"1,103","1,231",25,44.1,89.6,139,7,1,87,23,45.8
MS Dhoni,ODI,https://images.news9live.com/wp-content/uploads/2024/01/1-59.jpg,2008,26,"1,097","1,333",19,57.7,82.3,109,8,1,74,14,49.4
MS Dhoni,ODI,https://images.news9live.com/wp-content/uploads/2024/01/1-59.jpg,2009,24,"1,198","1,400",17,70.5,85.6,124,9,2,79,18,45.6
MS Dhoni,ODI,https://images.news9live.com/wp-content/uploads/2024/01/1-59.jpg,2010,17,600,760,13,46.2,78.9,101,3,1,52,9,52.1
MS Dhoni,ODI,https://images.news9live.com/wp-content/uploads/2024/01/1-59.jpg,2011,22,764,850,13,58.8,89.9,91,6,0,59,14,46.8
MS Dhoni,ODI,https://images.news9live.com/wp-content/uploads/2024/01/1-59.jpg,2012,14,524,598,8,65.5,87.6,113,3,1,37,9,48
MS Dhoni,ODI,https://images.news9live.com/wp-content/uploads/2024/01/1-59.jpg,2013,20,753,784,12,62.8,96,139,5,1,67,24,50
MS Dhoni,ODI,https://images.news9live.com/wp-content/uploads/2024/01/1-59.jpg,2014,10,418,454,8,52.2,92.1,79,5,0,32,11,47.1
MS Dhoni,ODI,https://images.news9live.com/wp-content/uploads/2024/01/1-59.jpg,2015,17,640,737,14,45.7,86.8,92,4,0,50,11,47.6
MS Dhoni,ODI,https://images.news9live.com/wp-content/uploads/2024/01/1-59.jpg,2016,10,278,347,10,27.8,80.1,80,1,0,18,9,53.6
MS Dhoni,ODI,https://images.news9live.com/wp-content/uploads/2024/01/1-59.jpg,2017,22,788,930,13,60.6,84.7,134,6,1,60,19,50.1
MS Dhoni,ODI,https://images.news9live.com/wp-content/uploads/2024/01/1-59.jpg,2018,13,275,385,11,25,71.4,42,0,0,19,2,52.2
MS Dhoni,ODI,https://images.news9live.com/wp-content/uploads/2024/01/1-59.jpg,2019,16,600,729,10,60,82.3,87,6,0,42,11,50.9
MS Dhoni,T20A,https://images.news9live.com/wp-content/uploads/2024/01/1-59.jpg,2006,1,0,2,1,0,0,0,0,0,0,0,100
MS Dhoni,T20A,https://images.news9live.com/wp-content/uploads/2024/01/1-59.jpg,2007,7,163,125,5,32.6,130.4,45,0,0,13,4,26.4
MS Dhoni,T20A,https://images.news9live.com/wp-content/uploads/2024/01/1-59.jpg,2008,1,9,27,1,9,33.3,9,0,0,0,0,66.7
MS Dhoni,T20A,https://images.news9live.com/wp-content/uploads/2024/01/1-59.jpg,2009,10,184,182,8,23,101.1,46,0,0,10,3,35.2
MS Dhoni,T20A,https://images.news9live.com/wp-content/uploads/2024/01/1-59.jpg,2010,5,85,57,2,42.5,149.1,29,0,0,3,6,29.8
MS Dhoni,T20A,https://images.news9live.com/wp-content/uploads/2024/01/1-59.jpg,2011,3,39,45,2,19.5,86.7,21,0,0,1,1,44.4
MS Dhoni,T20A,https://images.news9live.com/wp-content/uploads/2024/01/1-59.jpg,2012,12,268,213,5,53.6,125.8,48,0,0,24,6,36.6
MS Dhoni,T20A,https://images.news9live.com/wp-content/uploads/2024/01/1-59.jpg,2013,1,24,21,0,-,114.3,24,0,0,2,0,23.8
MS Dhoni,T20A,https://images.news9live.com/wp-content/uploads/2024/01/1-59.jpg,2014,5,77,58,1,77,132.8,27,0,0,4,4,34.5
MS Dhoni,T20A,https://images.news9live.com/wp-content/uploads/2024/01/1-59.jpg,2015,2,25,20,1,25,125,20,0,0,2,1,30
MS Dhoni,T20A,https://images.news9live.com/wp-content/uploads/2024/01/1-59.jpg,2016,16,238,159,5,47.6,149.7,43,0,0,16,9,23.9
MS Dhoni,T20A,https://images.news9live.com/wp-content/uploads/2024/01/1-59.jpg,2017,11,252,182,6,42,138.5,56,1,0,19,9,26.9
MS Dhoni,T20A,https://images.news9live.com/wp-content/uploads/2024/01/1-59.jpg,2018,5,123,79,3,41,155.7,52,1,0,13,4,29.1
MS Dhoni,T20A,https://images.news9live.com/wp-content/uploads/2024/01/1-59.jpg,2019,5,130,112,3,43.3,116.1,40,0,0,9,5,39.3
MS Dhoni,Leagues,https://images.news9live.com/wp-content/uploads/2024/01/1-59.jpg,2008,14,414,310,10,41.4,133.5,65,2,0,38,15,37.1
MS Dhoni,Leagues,https://images.news9live.com/wp-content/uploads/2024/01/1-59.jpg,2009,13,332,261,8,41.5,127.2,58,2,0,22,9,25.3
MS Dhoni,Leagues,https://images.news9live.com/wp-content/uploads/2024/01/1-59.jpg,2010,16,378,280,11,34.4,135,66,2,0,35,10,29.6
MS Dhoni,Leagues,https://images.news9live.com/wp-content/uploads/2024/01/1-59.jpg,2011,17,438,303,12,36.5,144.6,70,2,0,28,23,31.7
MS Dhoni,Leagues,https://images.news9live.com/wp-content/uploads/2024/01/1-59.jpg,2012,21,465,354,16,29.1,131.4,51,1,0,34,15,31.1
MS Dhoni,Leagues,https://images.news9live.com/wp-content/uploads/2024/01/1-59.jpg,2013,21,572,347,14,40.9,164.8,67,5,0,36,35,28.8
MS Dhoni,Leagues,https://images.news9live.com/wp-content/uploads/2024/01/1-59.jpg,2014,20,464,302,8,58,153.6,57,1,0,26,28,30.1
MS Dhoni,Leagues,https://images.news9live.com/wp-content/uploads/2024/01/1-59.jpg,2015,17,372,305,12,31,122,53,1,0,27,17,40.3
MS Dhoni,Leagues,https://images.news9live.com/wp-content/uploads/2024/01/1-59.jpg,2016,12,284,210,7,40.6,135.2,64,1,0,18,14,34.3
MS Dhoni,Leagues,https://images.news9live.com/wp-content/uploads/2024/01/1-59.jpg,2017,15,290,250,11,26.4,116,61,1,0,15,16,42
MS Dhoni,Leagues,https://images.news9live.com/wp-content/uploads/2024/01/1-59.jpg,2018,15,455,302,6,75.8,150.7,79,3,0,24,30,30.1
MS Dhoni,Leagues,https://images.news9live.com/wp-content/uploads/2024/01/1-59.jpg,2019,12,416,309,5,83.2,134.6,84,3,0,22,23,35.3
MS Dhoni,Leagues,https://images.news9live.com/wp-content/uploads/2024/01/1-59.jpg,2020,12,200,172,8,25,116.3,47,0,0,16,7,40.7
MS Dhoni,Leagues,https://images.news9live.com/wp-content/uploads/2024/01/1-59.jpg,2021,11,114,107,7,16.3,106.5,18,0,0,12,3,45.8
MS Dhoni,Leagues,https://images.news9live.com/wp-content/uploads/2024/01/1-59.jpg,2022,12,232,188,7,33.1,123.4,50,1,0,21,10,43.6
MS Dhoni,Leagues,https://images.news9live.com/wp-content/uploads/2024/01/1-59.jpg,2023,12,104,57,4,26,182.5,32,0,0,3,10,28.1
MS Dhoni,Leagues,https://images.news9live.com/wp-content/uploads/2024/01/1-59.jpg,2024,11,161,73,3,53.7,220.5,37,0,0,14,13,30.1